Name,Age,Gender,Occupation,Hobbies,Location,Solution Maturity,Side Interests,Year,Personality Traits
Aisha Mohammed,37,Female,Data Scientist,"Fitness, Gaming, Reading","Dubai, UAE",Balanced Approach,"Music, Photography",2025,"Ambitious, Analytical, Creative"
Alex Chen,32,Male,Senior Software Engineer,"Fitness, Gaming, Reading","Seattle, USA",Innovation Focused,"Crafts, Music, Reading",2025,"Ambitious, Analytical, Introverted"
Avery Chen,30,Non-binary,Content Strategist,"Art & Crafts, Music, Reading","Vancouver, Canada",Proven Solutions,"Technology, Travel",2025,"Analytical, Creative, Introverted"
Carlos Mendes,48,Male,Supply Chain Manager,"Cooking, Gardening, Sports","Porto, Portugal",Established Only,"Reading, Travel",2025,"Decisive, Practical, Risk-Averse"
Ethan Park,34,Male,Product Manager,"Fitness, Reading, Travel","Seoul, South Korea",Innovation Focused,"Photography, Technology",2025,"Analytical, Decisive, Practical"
Fatima El-Sayed,43,Female,HR Business Partner,"Cooking, Gardening, Reading","Cairo, Egypt",Proven Solutions,"Crafts, Music",2025,"Decisive, Emotional, Practical"
Jordan Taylor,45,Non-binary,Chief Financial Officer,"Gardening, Reading, Sports","Toronto, Canada",Proven Solutions,"Cooking, Music, Travel",2025,"Analytical, Decisive, Risk-Averse"
Liam O'Connor,41,Male,Operations Director,"Gardening, Reading, Sports","Dublin, Ireland",Proven Solutions,"Fitness, Technology",2025,"Analytical, Practical, Risk-Averse"
Maya Patel,29,Female,UX Designer,"Art & Crafts, Music, Photography","Bengaluru, India",Early Adopter,"Cooking, Travel",2025,"Ambitious, Creative, Introverted"
Noah Williams,26,Male,Growth Marketer,"Music, Photography, Travel","Austin, USA",Early Adopter,"Fitness, Technology",2025,"Creative, Decisive, Extroverted"
Sophia Rodriguez,28,Female,Mid-level Marketing Manager,"Cooking, Photography, Travel","Barcelona, Spain",Balanced Approach,"Fitness, Reading, Technology",2025,"Creative, Extroverted, Practical"
Yuki Tanaka,32,Female,Front-end Engineer,"Art & Crafts, Gaming, Reading","Tokyo, Japan",Innovation Focused,"Music, Technology",2025,"Analytical, Introverted, Practical"
Zoe Martin,35,Female,Customer Success Lead,"Cooking, Fitness, Travel","Melbourne, Australia",Balanced Approach,"Music, Photography",2025,"Ambitious, Extroverted, Practical"
